username;handle;user_description;gender;user_image
welmar du plessis;Welmardup;Adventurer and nature lover. Sharing my travels and outdoor experiences. Expect stunning landscapes and travel tips.;female;https://raw.githubusercontent.com/Howquez/oFeeds/main/studies/frequency_capping/stimuli/users/webp/photo-1606115690424-49770e55a2bc.webp
aurelie rabiot;zouzoum44;Fashion enthusiast and lifestyle blogger. Follow for style tips, beauty hacks, and daily inspiration.;female;https://raw.githubusercontent.com/Howquez/oFeeds/main/studies/frequency_capping/stimuli/users/webp/photo-1611432579699-484f7990b127.webp
Leo Lozano;lozano1931;Tech geek and gadget reviewer. Bringing you the latest in tech news and reviews. Stay updated with cutting-edge technology.;male;https://raw.githubusercontent.com/Howquez/oFeeds/main/studies/frequency_capping/stimuli/users/webp/photo-1633332755192-727a05c4013d.webp
kevin;ihearthalladay;Sports fanatic and baseball aficionado. Sharing game highlights, player stats, and sports commentary.;male;https://raw.githubusercontent.com/Howquez/oFeeds/main/studies/frequency_capping/stimuli/users/webp/photo-1595211877493-41a4e5f236b3.webp
max saber;spencylund;Fitness coach and wellness advocate. Motivating you to achieve your health goals with tips and workout routines.;male;https://raw.githubusercontent.com/Howquez/oFeeds/main/studies/frequency_capping/stimuli/users/webp/photo-1629425733761-caae3b5f2e50.webp
bowdi;bowdi;Music lover and aspiring artist. Sharing my musical journey and favorite tunes. Join me for some great music vibes.;male;https://raw.githubusercontent.com/Howquez/oFeeds/main/studies/frequency_capping/stimuli/users/webp/photo-1540569014015-19a7be504e3a.webp
Dierenthuis;dierenthuis;Animal lover and pet care expert. Tips on pet health, training, and adorable pet moments.;female;https://raw.githubusercontent.com/Howquez/oFeeds/main/studies/frequency_capping/stimuli/users/webp/photo-1494790108377-be9c29b29330.webp
JM;b5forks;Foodie and culinary explorer. Discovering new recipes, restaurant reviews, and food adventures.;male;https://raw.githubusercontent.com/Howquez/oFeeds/main/studies/frequency_capping/stimuli/users/webp/photo-1500648767791-00dcc994a43e.webp
C0urtesy tiTus;C0urtesyTitus;Gaming enthusiast and streamer. Join me for live streams, game reviews, and gaming tips.;male;https://raw.githubusercontent.com/Howquez/oFeeds/main/studies/frequency_capping/stimuli/users/webp/photo-1507003211169-0a1dd7228f2d.webp
Kinzang Norbu;KinzanNobu;Cultural explorer and travel blogger. Sharing stories and photos from my global adventures.;male;https://raw.githubusercontent.com/Howquez/oFeeds/main/studies/frequency_capping/stimuli/users/webp/photo-1472099645785-5658abf4ff4e.webp
Gian B;IamGian24;Fitness enthusiast and personal trainer. Helping you achieve your fitness goals with tips and motivation.;male;https://raw.githubusercontent.com/Howquez/oFeeds/main/studies/frequency_capping/stimuli/users/webp/photo-1620932934088-fbdb2920e484.webp
Victor Peetso;VWPeetso;Automotive expert and car enthusiast. Reviews, tips, and news about the latest in the automotive world.;male;https://raw.githubusercontent.com/Howquez/oFeeds/main/studies/frequency_capping/stimuli/users/webp/photo-1558222218-b7b54eede3f3.webp
Oguntuyi Itunuoluwa;IT_Oluwa;Tech enthusiast and software developer. Sharing coding tips, tech news, and innovative projects.;male;https://raw.githubusercontent.com/Howquez/oFeeds/main/studies/frequency_capping/stimuli/users/webp/photo-1600878459138-e1123b37cb30.webp
Ariunchimeg Viktor;AnyaVik;Artist and creative soul. Sharing my artwork, creative process, and inspiration.;female;https://raw.githubusercontent.com/Howquez/oFeeds/main/studies/frequency_capping/stimuli/users/webp/photo-1598886221209-99421ca9452e.webp
Chill Pill;soreia_kh;Mental health advocate and wellness coach. Tips on mindfulness, self-care, and mental well-being.;female;https://raw.githubusercontent.com/Howquez/oFeeds/main/studies/frequency_capping/stimuli/users/webp/photo-1607569490015-7101095605ed.webp
WF OMAR;Arowoshaye;Entrepreneur and business strategist. Sharing insights on business growth, leadership, and innovation.;male;https://raw.githubusercontent.com/Howquez/oFeeds/main/studies/frequency_capping/stimuli/users/webp/photo-1560250097-0b93528c311a.webp
Darnell Baldwin;Nell_emAll;Music producer and DJ. Bringing you the latest beats, mixes, and music industry news.;male;https://raw.githubusercontent.com/Howquez/oFeeds/main/studies/frequency_capping/stimuli/users/webp/photo-1603871165848-0aa92c869fa1.webp
Allen Drazila;Allendrizzle;Travel blogger and adventure seeker. Join me as I explore new destinations and share travel tips.;male;https://raw.githubusercontent.com/Howquez/oFeeds/main/studies/frequency_capping/stimuli/users/webp/photo-1600486913747-55e5470d6f40.webp
Abdulaziz Al;Abdulaziz_maaa;Tech entrepreneur and innovator. Sharing insights on startups, technology, and business growth.;male;https://raw.githubusercontent.com/Howquez/oFeeds/main/studies/frequency_capping/stimuli/users/webp/photo-1514222709107-a180c68d72b4.webp
Amjad Hussain;AmjadHussain299;Photographer and visual storyteller. Capturing moments and sharing photography tips.;male;https://raw.githubusercontent.com/Howquez/oFeeds/main/studies/frequency_capping/stimuli/users/webp/photo-1506794778202-cad84cf45f1d.webp
LesTampa;LesTampa813;Sports enthusiast and Tampa Bay fan. Sharing game highlights, player stats, and sports commentary.;male;https://raw.githubusercontent.com/Howquez/oFeeds/main/studies/frequency_capping/stimuli/users/webp/photo-1624395213043-fa2e123b2656.webp
KULDEEP;KULDEEP9992;Tech enthusiast and gadget reviewer. Bringing you the latest in tech news and reviews.;male;https://raw.githubusercontent.com/Howquez/oFeeds/main/studies/frequency_capping/stimuli/users/webp/photo-1597346908500-28cda8acfe4e.webp
Sikandarkambrani;sikanderali8958;Entrepreneur and business coach. Sharing tips on business growth, leadership, and innovation.;male;https://raw.githubusercontent.com/Howquez/oFeeds/main/studies/frequency_capping/stimuli/users/webp/photo-1558222218-b7b54eede3f3.webp
Lancelot Devonshire;fuvexesasiv;History buff and writer. Sharing historical facts, stories, and insights.;male;https://raw.githubusercontent.com/Howquez/oFeeds/main/studies/frequency_capping/stimuli/users/webp/photo-1576558656222-ba66febe3dec.webp
Kukoyi caleb;caleb_kukoyi;Fitness coach and wellness advocate. Motivating you to achieve your health goals with tips and workout routines.;male;https://raw.githubusercontent.com/Howquez/oFeeds/main/studies/frequency_capping/stimuli/users/webp/photo-1589279715734-6631a314dfa2.webp
Donaven Thomas;Q2da_Kae;Music lover and aspiring artist. Sharing my musical journey and favorite tunes.;male;https://raw.githubusercontent.com/Howquez/oFeeds/main/studies/frequency_capping/stimuli/users/webp/photo-1530983822321-fcac2d3c0f06.webp
caitlyn |-/;caitlynfcb;Bookworm and aspiring writer. Sharing book reviews, writing tips, and literary discussions.;female;https://raw.githubusercontent.com/Howquez/oFeeds/main/studies/frequency_capping/stimuli/users/webp/photo-1573496799515-eebbb63814f2.webp
little mis moonligh;LoupMaraudeur;Night owl and dreamer. Sharing my thoughts, poetry, and late-night musings.;female;https://raw.githubusercontent.com/Howquez/oFeeds/main/studies/frequency_capping/stimuli/users/webp/photo-1589729132389-8f0e0b55b91e.webp
dapo olayiwola;ohdaps;Tech enthusiast and software developer. Sharing coding tips, tech news, and innovative projects.;male;https://raw.githubusercontent.com/Howquez/oFeeds/main/studies/frequency_capping/stimuli/users/webp/photo-1625504615927-c14f4f309b63.webp
Bhavisha verma;BhavishaVerma31;Fashion enthusiast and lifestyle blogger. Follow for style tips, beauty hacks, and daily inspiration.;female;https://raw.githubusercontent.com/Howquez/oFeeds/main/studies/frequency_capping/stimuli/users/webp/photo-1531123897727-8f129e1688ce.webp
Louis;That1PatriotFan;Sports fanatic and Patriots fan. Sharing game highlights, player stats, and sports commentary.;male;https://raw.githubusercontent.com/Howquez/oFeeds/main/studies/frequency_capping/stimuli/users/webp/photo-1598133894008-61f7fdb8cc3a.webp
Rashi Kakkar;rashi_kakkar;Foodie and culinary explorer. Discovering new recipes, restaurant reviews, and food adventures.;female;https://raw.githubusercontent.com/Howquez/oFeeds/main/studies/frequency_capping/stimuli/users/webp/photo-1531746020798-e6953c6e8e04.webp
May Sarma;mayvsarma;Tech geek and gadget reviewer. Bringing you the latest in tech news and reviews.;female;https://raw.githubusercontent.com/Howquez/oFeeds/main/studies/frequency_capping/stimuli/users/webp/photo-1499358517822-d8578907a095.webp
Brendan;Grundla;Travel blogger and adventure seeker. Join me as I explore new destinations and share travel tips.;male;https://raw.githubusercontent.com/Howquez/oFeeds/main/studies/frequency_capping/stimuli/users/webp/photo-1548048876-54a717fa3f8c.webp
Emily Wilson;emilyhwilson;Artist and creative soul. Sharing my artwork, creative process, and inspiration.;female;https://raw.githubusercontent.com/Howquez/oFeeds/main/studies/frequency_capping/stimuli/users/webp/photo-1509868918748-a554ad25f858.webp
Mrs. Nobody;Niru11apr;Mental health advocate and wellness coach. Tips on mindfulness, self-care, and mental well-being.;female;https://raw.githubusercontent.com/Howquez/oFeeds/main/studies/frequency_capping/stimuli/users/webp/photo-1546422832-de5b9c2042f6.webp
Tyler Batiste;TyBatiste;Sports fanatic and baseball aficionado. Sharing game highlights, player stats, and sports commentary.;male;https://raw.githubusercontent.com/Howquez/oFeeds/main/studies/frequency_capping/stimuli/users/webp/photo-1513956589380-bad6acb9b9d4.webp
naimisha;1306_naimisha;Fashion & Lifestyle.;female;https://raw.githubusercontent.com/Howquez/oFeeds/main/studies/frequency_capping/stimuli/users/webp/photo-1627393100177-b4297e79a5be.webp
Francisco Orcha;orcha_f;Tech entrepreneur and innovator. Sharing insights on startups, technology, and business growth.;male;https://raw.githubusercontent.com/Howquez/oFeeds/main/studies/frequency_capping/stimuli/users/webp/photo-1519085360753-af0119f7cbe7.webp
Rohit H B;HBRohit;Hobby Geek.;male;https://raw.githubusercontent.com/Howquez/oFeeds/main/studies/frequency_capping/stimuli/users/webp/photo-1615862915913-b93d20d742a3.webp
Michael John Smith;londonerabroad1;Travel blogger and adventure seeker. ;male;https://raw.githubusercontent.com/Howquez/oFeeds/main/studies/frequency_capping/stimuli/users/webp/photo-1605827277785-2c51c2b3182b.webp
taco;TacoTheMeme;Meme creator and humor enthusiast. Bringing you daily laughs and viral memes.;male;https://raw.githubusercontent.com/Howquez/oFeeds/main/studies/frequency_capping/stimuli/users/webp/photo-1631885628726-d60689c330db.webp
Kim Brown;_KBrown401;Sports fanatic and baseball aficionado. Sharing game highlights, player stats, and sports commentary.;female;https://raw.githubusercontent.com/Howquez/oFeeds/main/studies/frequency_capping/stimuli/users/webp/photo-1630255733678-cf82ac59eef8.webp
Brad Ruiters;braddo_ct;Fitness coach and wellness advocate. Motivating you to achieve your health goals with tips and workout routines.;male;https://raw.githubusercontent.com/Howquez/oFeeds/main/studies/frequency_capping/stimuli/users/webp/photo-1529688530647-93a6e1916f5f.webp
Funny Vines;FunyyVines;Comedy lover and vine enthusiast. Sharing the funniest vines and comedy clips.;male;https://raw.githubusercontent.com/Howquez/oFeeds/main/studies/frequency_capping/stimuli/users/webp/photo-1628127468187-b5adce92a995.webp
Samir Madani;Samir_Madani;Tech geek and gadget reviewer. Bringing you the latest in tech news and reviews.;male;https://raw.githubusercontent.com/Howquez/oFeeds/main/studies/frequency_capping/stimuli/users/webp/photo-1529111290557-82f6d5c6cf85.webp
Lobna Darwish;lobna;Artist and creative soul. Sharing my artwork, creative process, and inspiration.;female;https://raw.githubusercontent.com/Howquez/oFeeds/main/studies/frequency_capping/stimuli/users/webp/photo-1544005313-94ddf0286df2.webp
Marcia Maddocks;MaddocksMarcia;Mental health advocate and wellness coach. Tips on mindfulness, self-care, and mental well-being.;female;https://raw.githubusercontent.com/Howquez/oFeeds/main/studies/frequency_capping/stimuli/users/webp/photo-1604072366595-e75dc92d6bdc.webp
gweezy;georgia12210;Music lover and aspiring artist. Sharing my musical journey and favorite tunes.;female;https://raw.githubusercontent.com/Howquez/oFeeds/main/studies/frequency_capping/stimuli/users/webp/photo-1502823403499-6ccfcf4fb453.webp
Lia mahdalena;liamhdlenaa;Fashion enthusiast and lifestyle blogger. Follow for style tips, beauty hacks, and daily inspiration.;female;https://raw.githubusercontent.com/Howquez/oFeeds/main/studies/frequency_capping/stimuli/users/webp/photo-1607569708758-0270aa4651bd.webp
Apok842;apok842;Gaming enthusiast and streamer. Join me for live streams, game reviews, and gaming tips.;male;https://raw.githubusercontent.com/Howquez/oFeeds/main/studies/frequency_capping/stimuli/users/webp/photo-1603384699007-50799748fc45.webp
Melissa Phillips;migratorymel;Travel blogger.;female;https://raw.githubusercontent.com/Howquez/oFeeds/main/studies/frequency_capping/stimuli/users/webp/photo-1644358731331-34756cbb64b5.webp
Alex Morritt;Alex_Morritt;Writer and storyteller. Sharing my literary works, writing tips, and book reviews.;male;https://raw.githubusercontent.com/Howquez/oFeeds/main/studies/frequency_capping/stimuli/users/webp/photo-1520341280432-4749d4d7bcf9.webp
Kerala_WithRG;KeralaWithRG;Travel blogger and adventure seeker. Join me as I explore new destinations and share travel tips.;female;https://raw.githubusercontent.com/Howquez/oFeeds/main/studies/frequency_capping/stimuli/users/webp/photo-1489424731084-a5d8b219a5bb.webp
Umesh Rai;umesh2063;Tech enthusiast and software developer. Sharing coding tips, tech news, and innovative projects.;male;https://raw.githubusercontent.com/Howquez/oFeeds/main/studies/frequency_capping/stimuli/users/webp/photo-1530268729831-4b0b9e170218.webp
Anggun History;AnggunHistory;History buff and writer. Sharing historical facts, stories, and insights.;female;https://raw.githubusercontent.com/Howquez/oFeeds/main/studies/frequency_capping/stimuli/users/webp/photo-1632759200868-ed04ef0bb2dc.webp
Jill Colvin Jones;jillcolvinjones;Journalist and news reporter. Bringing you the latest news, stories, and in-depth analysis.;female;https://raw.githubusercontent.com/Howquez/oFeeds/main/studies/frequency_capping/stimuli/users/webp/photo-1529232356377-57971f020a94.webp
B L V C K;Blvck000;Fashion enthusiast and lifestyle blogger. Follow for style tips, beauty hacks, and daily inspiration.;male;https://raw.githubusercontent.com/Howquez/oFeeds/main/studies/frequency_capping/stimuli/users/webp/photo-1523477800337-966dbabe060b.webp
