doc_id;datetime;text;media;alt_text;likes;reposts;replies;username;handle;user_description;user_image;user_followers;commented_post;sponsored;target;condition;sequence
1;16.06.24 22:58;Ronaldinho boycotting Copa Am√©rica because he thinks this year's team lacks grit? Ouch, that‚Äôs some tough love! Hope the players use this as motivation to prove him wrong.;;;8;4;11;welmar du plessis;Welmardup;Adventurer and nature lover. Sharing my travels and outdoor experiences. Expect stunning landscapes and travel tips.;https://images.unsplash.com/photo-1606115690424-49770e55a2bc?q=80&w=3648&auto=format&fit=crop&ixlib=rb-4.0.3&ixid=M3wxMjA3fDB8MHxwaG90by1wYWdlfHx8fGVufDB8fHx8fA%3D%3D;553;0;0;;A;
2;16.06.24 23:01;Whether planning adventure through Amazon parties once safe again meantime directing energies aiding recovery efforts showcases collective commitment ensuring brighter days return soonest possible!.#HopeForBetterTomorrow;;;23;0;13;aurelie rabiot;zouzoum44;Fashion enthusiast and lifestyle blogger. Follow for style tips, beauty hacks, and daily inspiration.;https://images.unsplash.com/photo-1611432579699-484f7990b127?q=80&w=3870&auto=format&fit=crop&ixlib=rb-4.0.3&ixid=M3wxMjA3fDB8MHxwaG90by1wYWdlfHx8fGVufDB8fHx8fA%3D%3D;89;0;0;;A;
3;16.06.24 23:04;"Dreaming about visiting Salvador or Rio? Remember those facing hardships after severe floods; empathy leads us towards actions ensuring better future travels filled only joy across beloved destinations.#SolidarityMatters";;;20;2;15;Leo Lozano;lozano1931;Tech geek and gadget reviewer. Bringing you the latest in tech news and reviews. Stay updated with cutting-edge technology.;https://images.unsplash.com/photo-1633332755192-727a05c4013d?q=80&w=3880&auto=format&fit=crop&ixlib=rb-4.0.3&ixid=M3wxMjA3fDB8MHxwaG90by1wYWdlfHx8fGVufDB8fHx8fA%3D%3D;391;0;0;;A;
4;16.06.24 23:07;Raphinha's response to Ronaldinho shows how united this team is despite criticism from legends like Ronaldinho himself! Hoping they show their true potential on the field soon.;;;6;7;6;kevin;ihearthalladay;Sports fanatic and baseball aficionado. Sharing game highlights, player stats, and sports commentary.;https://images.unsplash.com/photo-1595211877493-41a4e5f236b3?q=80&w=3830&auto=format&fit=crop&ixlib=rb-4.0.3&ixid=M3wxMjA3fDB8MHxwaG90by1wYWdlfHx8fGVufDB8fHx8fA%3D%3D;576;0;0;;A;
5;16.06.24 23:10;"Reading about beautiful beaches & rainforests while knowing parts suffer due to floods seems surreal; let‚Äôs balance our admiration with compassion & active support for those affected.#PrayForBrazil";;;6;8;23;max saber;spencylund;Fitness coach and wellness advocate. Motivating you to achieve your health goals with tips and workout routines.;https://images.unsplash.com/photo-1629425733761-caae3b5f2e50?q=80&w=2968&auto=format&fit=crop&ixlib=rb-4.0.3&ixid=M3wxMjA3fDB8MHxwaG90by1wYWdlfHx8fGVufDB8fHx8fA%3D%3D;108;0;0;;A;
6;16.06.24 23:13;Visiting Brazilian tropical islands offers perfect escape hustle bustle everyday life providing serene tranquil environment recharge rejuvenate amidst stunning natural beauty unparalleled anywhere else world over!!!;;;20;3;15;bowdi;bowdi;Music lover and aspiring artist. Sharing my musical journey and favorite tunes. Join me for some great music vibes.;https://images.unsplash.com/photo-1540569014015-19a7be504e3a?q=80&w=3024&auto=format&fit=crop&ixlib=rb-4.0.3&ixid=M3wxMjA3fDB8MHxwaG90by1wYWdlfHx8fGVufDB8fHx8fA%3D%3D;317;0;0;;A;
7;16.06.24 23:16;Ronaldinho might not be watching this year's Copa Am√©rica due to his disappointment with the current squad but players like Raphinha aren't letting that affect their morale or dedication.;;;39;1;13;Dierenthuis;dierenthuis;Animal lover and pet care expert. Tips on pet health, training, and adorable pet moments.;https://images.unsplash.com/photo-1494790108377-be9c29b29330?q=80&w=3744&auto=format&fit=crop&ixlib=rb-4.0.3&ixid=M3wxMjA3fDB8MHxwaG90by1wYWdlfHx8fGVufDB8fHx8fA%3D%3D;407;0;0;;A;
8;16.06.24 23:19;"""""Brazil: land of samba beats & stunning landscapes"""" ‚Äì Lonely Planet reminds us why we love this country but let's also lend a hand during these tough times post-flooding disaster down south.";;;14;2;14;JM;b5forks;Foodie and culinary explorer. Discovering new recipes, restaurant reviews, and food adventures.;https://images.unsplash.com/photo-1500648767791-00dcc994a43e?q=80&w=3000&auto=format&fit=crop&ixlib=rb-4.0.3&ixid=M3wxMjA3fDB8MHxwaG90by1wYWdlfHx8fGVufDB8fHx8fA%3D%3D;422;0;0;;A;
9;16.06.24 23:22;Anyone else dreaming of dancing samba on Rio's beaches? One day I'll make it there! For now though, let's keep our thoughts on helping those hit by these awful floods.;;;7;2;22;C0urtesy tiTus;C0urtesyTitus;Gaming enthusiast and streamer. Join me for live streams, game reviews, and gaming tips.;https://images.unsplash.com/photo-1507003211169-0a1dd7228f2d?q=80&w=3569&auto=format&fit=crop&ixlib=rb-4.0.3&ixid=M3wxMjA3fDB8MHxwaG90by1wYWdlfHx8fGVufDB8fHx8fA%3D%3D;124;0;0;;A;
10;16.06.24 23:25;Thinking about visiting Brazil someday? Make sure you add Salvador‚Äôs acaraj√© to your food bucket list‚Äîit‚Äôs a must-try dish that showcases Afro-Brazilian heritage brilliantly!;;;11;0;9;Kinzang Norbu;KinzanNobu;Cultural explorer and travel blogger. Sharing stories and photos from my global adventures.;https://images.unsplash.com/photo-1472099645785-5658abf4ff4e?q=80&w=3870&auto=format&fit=crop&ixlib=rb-4.0.3&ixid=M3wxMjA3fDB8MHxwaG90by1wYWdlfHx8fGVufDB8fHx8fA%3D%3D;42;0;0;;A;
11;16.06.24 23:28;Feeling blessed having never experienced anything close to what flood victims are going through right now‚Ä¶ let's show them some humanity & compassion üôè‚ù§Ô∏è #BrazilFloodsResponse;;;22;8;6;Gian B;IamGian24;Fitness enthusiast and personal trainer. Helping you achieve your fitness goals with tips and motivation.;https://images.unsplash.com/photo-1620932934088-fbdb2920e484?q=80&w=2426&auto=format&fit=crop&ixlib=rb-4.0.3&ixid=M3wxMjA3fDB8MHxwaG90by1wYWdlfHx8fGVufDB8fHx8fA%3D%3D;250;0;0;;A;
12;16.06.24 23:31;Brazil is such a beautiful country with its beaches, rainforests, and vibrant cities. Hoping the floods don‚Äôt ruin too much of its natural beauty and culture.;;;0;4;2;Victor Peetso;VWPeetso;Automotive expert and car enthusiast. Reviews, tips, and news about the latest in the automotive world.;https://images.unsplash.com/photo-1558222218-b7b54eede3f3?q=80&w=3774&auto=format&fit=crop&ixlib=rb-4.0.3&ixid=M3wxMjA3fDB8MHxwaG90by1wYWdlfHx8fGVufDB8fHx8fA%3D%3D;391;0;0;;A;
13;16.06.24 23:34;White-sand beaches might call us back when times are better but right now those stunning coastal areas need our help recovering from catastrophic flood damages.#HelpBrazilRecover;;;33;0;7;Oguntuyi Itunuoluwa;IT_Oluwa;Tech enthusiast and software developer. Sharing coding tips, tech news, and innovative projects.;https://images.unsplash.com/photo-1600878459138-e1123b37cb30?q=80&w=3812&auto=format&fit=crop&ixlib=rb-4.0.3&ixid=M3wxMjA3fDB8MHxwaG90by1wYWdlfHx8fGVufDB8fHx8fA%3D%3D;682;0;0;;A;
14;16.06.24 23:37;Reading about ongoing humanitarian efforts makes me realize how resilient Brazilians are... they'll bounce back from these floods stronger than ever üí™üáßüá∑;;;4;1;18;Ariunchimeg Viktor;AnyaVik;Artist and creative soul. Sharing my artwork, creative process, and inspiration.;https://images.unsplash.com/photo-1598886221209-99421ca9452e?q=80&w=2832&auto=format&fit=crop&ixlib=rb-4.0.3&ixid=M3wxMjA3fDB8MHxwaG90by1wYWdlfHx8fGVufDB8fHx8fA%3D%3D;611;0;0;;A;
15;16.06.24 23:40;The IFRC is calling for more support in Brazil after the floods. It‚Äôs heartbreaking to see so many people displaced and struggling with diseases. We need to step up and help however we can.;;;22;8;2;Chill Pill;soreia_kh;Mental health advocate and wellness coach. Tips on mindfulness, self-care, and mental well-being.;https://images.unsplash.com/photo-1607569490015-7101095605ed?q=80&w=3774&auto=format&fit=crop&ixlib=rb-4.0.3&ixid=M3wxMjA3fDB8MHxwaG90by1wYWdlfHx8fGVufDB8fHx8fA%3D%3D;382;0;0;;A;
16;16.06.24 23:43;Having read about the ongoing struggles due to flooding in southern Brazil, I feel compelled to help however I can ‚Äì whether it‚Äôs donations or raising awareness.;;;23;2;17;WF OMAR;Arowoshaye;Entrepreneur and business strategist. Sharing insights on business growth, leadership, and innovation.;https://images.unsplash.com/photo-1560250097-0b93528c311a?q=80&w=3149&auto=format&fit=crop&ixlib=rb-4.0.3&ixid=M3wxMjA3fDB8MHxwaG90by1wYWdlfHx8fGVufDB8fHx8fA%3D%3D;573;0;0;;A;
17;16.06.24 23:46;"""""Though in many ways it feels like day one"""" ‚Äì this line from IFRC really hit hard... can't fathom what they're going through four weeks into this emergency üò¢";;;25;5;23;Darnell Baldwin;Nell_emAll;Music producer and DJ. Bringing you the latest beats, mixes, and music industry news.;https://images.unsplash.com/photo-1603871165848-0aa92c869fa1?q=80&w=3772&auto=format&fit=crop&ixlib=rb-4.0.3&ixid=M3wxMjA3fDB8MHxwaG90by1wYWdlfHx8fGVufDB8fHx8fA%3D%3D;92;0;0;;A;
18;16.06.24 23:49;Spotlight on #Brazil: While we dream about its tropical islands or vibrant cities let‚Äôs also focus on providing much-needed aid post-floods affecting millions across southern regions.#TogetherWeCan;;;30;8;4;Allen Drazila;Allendrizzle;Travel blogger and adventure seeker. Join me as I explore new destinations and share travel tips.;https://images.unsplash.com/photo-1600486913747-55e5470d6f40?q=80&w=3870&auto=format&fit=crop&ixlib=rb-4.0.3&ixid=M3wxMjA3fDB8MHxwaG90by1wYWdlfHx8fGVufDB8fHx8fA%3D%3D;347;0;0;;A;
19;16.06.24 23:52;Seeing news about water-borne diseases spreading in flood-hit areas of Brazil is terrifying. The government and international community need to act fast to prevent a health crisis.;;;5;8;2;Abdulaziz Al;Abdulaziz_maaa;Tech entrepreneur and innovator. Sharing insights on startups, technology, and business growth.;https://images.unsplash.com/photo-1514222709107-a180c68d72b4?q=80&w=3656&auto=format&fit=crop&ixlib=rb-4.0.3&ixid=M3wxMjA3fDB8MHxwaG90by1wYWdlfHx8fGVufDB8fHx8fA%3D%3D;482;0;0;;A;
20;16.06.24 23:55;It's so disheartening to see water-borne diseases rising due to the flooding in Brazil... These communities need all the help they can get right now, especially medical support.;;;13;3;1;Amjad Hussain;AmjadHussain299;Photographer and visual storyteller. Capturing moments and sharing photography tips.;https://images.unsplash.com/photo-1506794778202-cad84cf45f1d?q=80&w=3744&auto=format&fit=crop&ixlib=rb-4.0.3&ixid=M3wxMjA3fDB8MHxwaG90by1wYWdlfHx8fGVufDB8fHx8fA%3D%3D;299;0;0;;A;
21;16.06.24 23:58;That moment when you realize how devastating natural disasters can be‚Ä¶ Over 620,000 displaced due to floods in southern Brazil, facing cold weather and disease outbreaks now too.;;;39;3;19;LesTampa;LesTampa813;Sports enthusiast and Tampa Bay fan. Sharing game highlights, player stats, and sports commentary.;https://images.unsplash.com/photo-1624395213043-fa2e123b2656?q=80&w=2848&auto=format&fit=crop&ixlib=rb-4.0.3&ixid=M3wxMjA3fDB8MHxwaG90by1wYWdlfHx8fGVufDB8fHx8fA%3D%3D;489;0;0;;A;
22;17.06.24 00:01;It's been four weeks since floods devastated southern Brazil but it's still an emergency situation according to IFRC officials who warn that more rainfall could worsen things further.;;;21;1;13;KULDEEP;KULDEEP9992;Tech enthusiast and gadget reviewer. Bringing you the latest in tech news and reviews.;https://images.unsplash.com/photo-1597346908500-28cda8acfe4e?q=80&w=3774&auto=format&fit=crop&ixlib=rb-4.0.3&ixid=M3wxMjA3fDB8MHxwaG90by1wYWdlfHx8fGVufDB8fHx8fA%3D%3D;603;0;0;;A;
23;17.06.24 00:04;Samba rhythms may fill hearts during Carnaval yet today many Brazilians deal with aftermaths of relentless rains causing widespread damage ‚Äì sending love & hope their way.#UnitedInAdversity;;;5;2;11;Sikandarkambrani;sikanderali8958;Entrepreneur and business coach. Sharing tips on business growth, leadership, and innovation.;https://images.unsplash.com/photo-1558222218-b7b54eede3f3?q=80&w=3774&auto=format&fit=crop&ixlib=rb-4.0.3&ixid=M3wxMjA3fDB8MHxwaG90by1wYWdlfHx8fGVufDB8fHx8fA%3D%3D;117;0;0;;A;
24;17.06.24 00:07;Can‚Äôt wait for Copa Am√©rica despite Ronaldinho‚Äôs harsh words about our national team... I have faith they'll rise above it all and make us proud!;;;36;5;8;Lancelot Devonshire;fuvexesasiv;History buff and writer. Sharing historical facts, stories, and insights.;https://images.unsplash.com/photo-1576558656222-ba66febe3dec?q=80&w=3870&auto=format&fit=crop&ixlib=rb-4.0.3&ixid=M3wxMjA3fDB8MHxwaG90by1wYWdlfHx8fGVufDB8fHx8fA%3D%3D;109;0;0;;A;
25;17.06.24 00:10;Loving how diverse Brazilian culture is ‚Äì from indigenous traditions to immigrant influences, there's always something new and fascinating to discover here!;;;8;8;6;Kukoyi caleb;caleb_kukoyi;Fitness coach and wellness advocate. Motivating you to achieve your health goals with tips and workout routines.;https://images.unsplash.com/photo-1589279715734-6631a314dfa2?q=80&w=3872&auto=format&fit=crop&ixlib=rb-4.0.3&ixid=M3wxMjA3fDB8MHxwaG90by1wYWdlfHx8fGVufDB8fHx8fA%3D%3D;471;0;0;;A;
26;17.06.24 00:13;Trying acaraj√© in Salvador was a life-changing experience! The blend of flavors and Afro-Brazilian culture in every bite was unforgettable. Definitely a must-try if you're visiting Brazil.;;;38;3;14;Donaven Thomas;Q2da_Kae;Music lover and aspiring artist. Sharing my musical journey and favorite tunes.;https://images.unsplash.com/photo-1530983822321-fcac2d3c0f06?q=80&w=3834&auto=format&fit=crop&ixlib=rb-4.0.3&ixid=M3wxMjA3fDB8MHxwaG90by1wYWdlfHx8fGVufDB8fHx8fA%3D%3D;223;0;0;;A;
27;17.06.24 00:16;A month after severe flooding began in southern Brazil, over 2 million people are still grappling with the aftermath as floodwaters remain trapped in many areas, hampering relief efforts.;;;37;7;19;caitlyn |-/;caitlynfcb;Bookworm and aspiring writer. Sharing book reviews, writing tips, and literary discussions.;https://images.unsplash.com/photo-1573496799515-eebbb63814f2?q=80&w=3869&auto=format&fit=crop&ixlib=rb-4.0.3&ixid=M3wxMjA3fDB8MHxwaG90by1wYWdlfHx8fGVufDB8fHx8fA%3D%3D;617;0;0;;A;
28;17.06.24 00:19;The Brazilian flood crisis continues as floodwaters remain trapped, making it hard to distribute aid or let people return home. More rain and colder weather are expected too - we must help!;;;5;6;2;little mis moonligh;LoupMaraudeur;Night owl and dreamer. Sharing my thoughts, poetry, and late-night musings.;https://images.unsplash.com/photo-1589729132389-8f0e0b55b91e?q=80&w=3870&auto=format&fit=crop&ixlib=rb-4.0.3&ixid=M3wxMjA3fDB8MHxwaG90by1wYWdlfHx8fGVufDB8fHx8fA%3D%3D;42;0;0;;A;
29;17.06.24 00:22;Dancing frevo in Olinda during Carnaval was such an exhilarating experience! The music, costumes, and sheer joy of everyone around made it unforgettable.;;;32;6;23;dapo olayiwola;ohdaps;Tech enthusiast and software developer. Sharing coding tips, tech news, and innovative projects.;https://images.unsplash.com/photo-1625504615927-c14f4f309b63?q=80&w=3765&auto=format&fit=crop&ixlib=rb-4.0.3&ixid=M3wxMjA3fDB8MHxwaG90by1wYWdlfHx8fGVufDB8fHx8fA%3D%3D;732;0;0;;A;
30;17.06.24 00:25;Brazilian football might be facing criticism but let's not forget they've given us some of football's greatest moments over decades ‚öΩÔ∏è‚ù§Ô∏è;;;19;8;4;Bhavisha verma;BhavishaVerma31;Fashion enthusiast and lifestyle blogger. Follow for style tips, beauty hacks, and daily inspiration.;https://images.unsplash.com/photo-1531123897727-8f129e1688ce?q=80&w=3774&auto=format&fit=crop&ixlib=rb-4.0.3&ixid=M3wxMjA3fDB8MHxwaG90by1wYWdlfHx8fGVufDB8fHx8fA%3D%3D;381;0;0;;A;
31;17.06.24 00:28;Heartbreaking news about the continued flooding issues in southern Brazil ‚Äì let‚Äôs do everything we can to send aid and support those who have lost so much already.;;;5;0;2;Louis;That1PatriotFan;Sports fanatic and Patriots fan. Sharing game highlights, player stats, and sports commentary.;https://images.unsplash.com/photo-1598133894008-61f7fdb8cc3a?q=80&w=2694&auto=format&fit=crop&ixlib=rb-4.0.3&ixid=M3wxMjA3fDB8MHxwaG90by1wYWdlfHx8fGVufDB8fHx8fA%3D%3D;663;0;0;;A;
32;17.06.24 00:31;It‚Äôs so sad to see how many people have been displaced by these floods in Brazil‚Äîover 620,000! Here‚Äôs hoping they get back on their feet soon with all the help they need.;;;37;1;20;Rashi Kakkar;rashi_kakkar;Foodie and culinary explorer. Discovering new recipes, restaurant reviews, and food adventures.;https://images.unsplash.com/photo-1531746020798-e6953c6e8e04?q=80&w=2550&auto=format&fit=crop&ixlib=rb-4.0.3&ixid=M3wxMjA3fDB8MHxwaG90by1wYWdlfHx8fGVufDB8fHx8fA%3D%3D;558;0;0;;A;
33;17.06.24 00:34;Hearing heartbreaking stories emerging flood-ravaged communities southern regions compels urgency acting swiftly bringing necessary aid relief ensuring minimal suffering endured those affected calamity unfolding before eyes‚Ä¶;;;14;3;12;May Sarma;mayvsarma;Tech geek and gadget reviewer. Bringing you the latest in tech news and reviews.;https://images.unsplash.com/photo-1499358517822-d8578907a095?q=80&w=3000&auto=format&fit=crop&ixlib=rb-4.0.3&ixid=M3wxMjA3fDB8MHxwaG90by1wYWdlfHx8fGVufDB8fHx8fA%3D%3D;438;0;0;;A;
34;17.06.24 00:37;"Southern Brazil‚Äôs natural beauty contrasts sharply with its current struggle against devastating floods affecting millions; let's not forget these places need our help now more than ever!";;;13;6;15;Brendan;Grundla;Travel blogger and adventure seeker. Join me as I explore new destinations and share travel tips.;https://images.unsplash.com/photo-1548048876-54a717fa3f8c?q=80&w=3840&auto=format&fit=crop&ixlib=rb-4.0.3&ixid=M3wxMjA3fDB8MHxwaG90by1wYWdlfHx8fGVufDB8fHx8fA%3D%3D;176;0;0;;A;
35;17.06.24 00:40;Gritty show of unity from Raphinha backing his team amidst Ronaldinho's harsh criticism of their mentality ahead of Copa Am√©rica! True leaders stand by their team no matter what comes their way.;;;16;4;5;Emily Wilson;emilyhwilson;Artist and creative soul. Sharing my artwork, creative process, and inspiration.;https://images.unsplash.com/photo-1509868918748-a554ad25f858?q=80&w=3875&auto=format&fit=crop&ixlib=rb-4.0.3&ixid=M3wxMjA3fDB8MHxwaG90by1wYWdlfHx8fGVufDB8fHx8fA%3D%3D;374;0;0;;A;
36;17.06.24 00:43;Southern Brazil needs our help now more than ever ‚Äì continuous rains, cold temperatures, and water-borne diseases are making recovery efforts extremely challenging.;;;20;4;17;Mrs. Nobody;Niru11apr;Mental health advocate and wellness coach. Tips on mindfulness, self-care, and mental well-being.;https://images.unsplash.com/photo-1546422832-de5b9c2042f6?q=80&w=1856&auto=format&fit=crop&ixlib=rb-4.0.3&ixid=M3wxMjA3fDB8MHxwaG90by1wYWdlfHx8fGVufDB8fHx8fA%3D%3D;264;0;0;;A;
37;17.06.24 00:46;Floodwaters still trapped in parts of southern Brazil are making it impossible for aid workers to help those in need. The ongoing rains and cold temperatures are only making things worse.;;;15;2;11;Tyler Batiste;TyBatiste;Sports fanatic and baseball aficionado. Sharing game highlights, player stats, and sports commentary.;https://images.unsplash.com/photo-1513956589380-bad6acb9b9d4?q=80&w=1536&auto=format&fit=crop&ixlib=rb-4.0.3&ixid=M3wxMjA3fDB8MHxwaG90by1wYWdlfHx8fGVufDB8fHx8fA%3D%3D;68;0;0;;A;
38;17.06.24 00:49;Ronaldinho's comments about boycotting Copa Am√©rica because he thinks this is one of the worst Brazilian teams ever? Harsh words but Raphinha standing up for his team shows true spirit!;;;19;7;23;naimisha;1306_naimisha;Fashion & Lifestyle.;https://images.unsplash.com/photo-1627393100177-b4297e79a5be?q=80&w=3880&auto=format&fit=crop&ixlib=rb-4.0.3&ixid=M3wxMjA3fDB8MHxwaG90by1wYWdlfHx8fGVufDB8fHx8fA%3D%3D;392;0;0;;A;
39;17.06.24 00:52;Hopefully aid can reach remote areas trapped by floodwaters soon‚Ä¶ hate thinking about people stuck without help when they need it most üíî #BrazilFloods;;;2;2;21;Francisco Orcha;orcha_f;Tech entrepreneur and innovator. Sharing insights on startups, technology, and business growth.;https://images.unsplash.com/photo-1519085360753-af0119f7cbe7?q=80&w=3774&auto=format&fit=crop&ixlib=rb-4.0.3&ixid=M3wxMjA3fDB8MHxwaG90by1wYWdlfHx8fGVufDB8fHx8fA%3D%3D;357;0;0;;A;
40;17.06.24 00:55;Brazil‚Äôs national pride shines brightly through passionate support seen amongst fans everywhere cheering tirelessly regardless outcome matches played during major tournaments alike Copa America etc‚Ä¶;;;7;3;13;Rohit H B;HBRohit;Hobby Geek.;https://images.unsplash.com/photo-1615862915913-b93d20d742a3?q=80&w=3774&auto=format&fit=crop&ixlib=rb-4.0.3&ixid=M3wxMjA3fDB8MHxwaG90by1wYWdlfHx8fGVufDB8fHx8fA%3D%3D;219;0;0;;A;
41;17.06.24 00:58;Southern Brazil's floods have trapped water, preventing aid distribution and making it impossible for people to return home. This crisis needs more visibility and help from everyone.;;;41;0;1;Michael John Smith;londonerabroad1;Travel blogger and adventure seeker.;https://images.unsplash.com/photo-1605827277785-2c51c2b3182b?q=80&w=3870&auto=format&fit=crop&ixlib=rb-4.0.3&ixid=M3wxMjA3fDB8MHxwaG90by1wYWdlfHx8fGVufDB8fHx8fA%3D%3D;298;0;0;;A;
42;17.06.24 01:01;"Brazil's rich culture & biodiversity make it captivating; yet southern regions face immense challenges due to recent flooding disasters affecting millions & displacing hundreds of thousands.#SupportBrazil";;;13;7;0;taco;TacoTheMeme;Meme creator and humor enthusiast. Bringing you daily laughs and viral memes.;https://images.unsplash.com/photo-1631885628726-d60689c330db?q=80&w=3205&auto=format&fit=crop&ixlib=rb-4.0.3&ixid=M3wxMjA3fDB8MHxwaG90by1wYWdlfHx8fGVufDB8fHx8fA%3D%3D;31;0;0;;A;
43;17.06.24 01:04;Prayers going out towards everyone affected devastating floods currently gripping southern parts beautiful country known worldwide simply ‚ÄòBrasil‚Äô hoping swift recovery follows soonest possible timeframe!!;;;7;3;12;Kim Brown;_KBrown401;Sports fanatic and baseball aficionado. Sharing game highlights, player stats, and sports commentary.;https://images.unsplash.com/photo-1630255733678-cf82ac59eef8?q=80&w=2493&auto=format&fit=crop&ixlib=rb-4.0.3&ixid=M3wxMjA3fDB8MHxwaG90by1wYWdlfHx8fGVufDB8fHx8fA%3D%3D;214;0;0;;A;
44;17.06.24 01:07;Exploring Brazilian rainforests is like stepping into another world ‚Äì so rich in biodiversity and natural beauty! Every nature lover needs to visit at least once.;;;20;0;15;Brad Ruiters;braddo_ct;Fitness coach and wellness advocate. Motivating you to achieve your health goals with tips and workout routines.;https://images.unsplash.com/photo-1529688530647-93a6e1916f5f?q=80&w=2498&auto=format&fit=crop&ixlib=rb-4.0.3&ixid=M3wxMjA3fDB8MHxwaG90by1wYWdlfHx8fGVufDB8fHx8fA%3D%3D;576;0;0;;A;
45;17.06.24 01:10;"So proud that Raphinha stood up against criticism from legends like Ronaldinho; shows how much he believes in our current squad‚Äôs potential despite setbacks & challenges ahead!";;;0;0;10;Funny Vines;FunyyVines;Comedy lover and vine enthusiast. Sharing the funniest vines and comedy clips.;https://images.unsplash.com/photo-1628127468187-b5adce92a995?q=80&w=3870&auto=format&fit=crop&ixlib=rb-4.0.3&ixid=M3wxMjA3fDB8MHxwaG90by1wYWdlfHx8fGVufDB8fHx8fA%3D%3D;648;0;0;;A;
46;17.06.24 01:13;Ronaldinho's comments about the Brazil national team not having love for the shirt really hit hard, but I believe in this squad! They have what it takes to prove everyone wrong at Copa Am√©rica.;;;14;8;21;Samir Madani;Samir_Madani;Tech geek and gadget reviewer. Bringing you the latest in tech news and reviews.;https://images.unsplash.com/photo-1529111290557-82f6d5c6cf85?q=80&w=2848&auto=format&fit=crop&ixlib=rb-4.0.3&ixid=M3wxMjA3fDB8MHxwaG90by1wYWdlfHx8fGVufDB8fHx8fA%3D%3D;189;0;0;;A;
47;17.06.24 01:16;From white-sand beaches to verdant rainforests - Lonely Planet paints a beautiful picture but let's remember parts of Brazil are suffering right now due to catastrophic flooding.;;;1;3;2;Lobna Darwish;lobna;Artist and creative soul. Sharing my artwork, creative process, and inspiration.;https://images.unsplash.com/photo-1544005313-94ddf0286df2?q=80&w=3776&auto=format&fit=crop&ixlib=rb-4.0.3&ixid=M3wxMjA3fDB8MHxwaG90by1wYWdlfHx8fGVufDB8fHx8fA%3D%3D;266;0;0;;A;
48;17.06.24 01:19;"Carnaval celebrations across Brazil are legendary ‚Äì whether it's samba rhythms or frevo dances; each city brings its unique flavor into this grand festival!";;;36;7;23;Marcia Maddocks;MaddocksMarcia;Mental health advocate and wellness coach. Tips on mindfulness, self-care, and mental well-being.;https://images.unsplash.com/photo-1604072366595-e75dc92d6bdc?q=80&w=3840&auto=format&fit=crop&ixlib=rb-4.0.3&ixid=M3wxMjA3fDB8MHxwaG90by1wYWdlfHx8fGVufDB8fHx8fA%3D%3D;546;0;0;;A;
49;17.06.24 01:22;Just read about the devastating floods in southern Brazil affecting millions of people. Can't believe the scale of this tragedy. Praying for everyone affected and hoping aid reaches those in need ASAP.;;;30;8;6;gweezy;georgia12210;Music lover and aspiring artist. Sharing my musical journey and favorite tunes.;https://images.unsplash.com/photo-1502823403499-6ccfcf4fb453?q=80&w=2000&auto=format&fit=crop&ixlib=rb-4.0.3&ixid=M3wxMjA3fDB8MHxwaG90by1wYWdlfHx8fGVufDB8fHx8fA%3D%3D;298;0;0;;A;
50;17.06.24 01:25;Brazil is such a beautiful country with its white-sand beaches and lush rainforests, but it's heartbreaking to see it struggle with natural disasters like these floods. We need to support them!;;;13;3;2;Lia mahdalena;liamhdlenaa;Fashion enthusiast and lifestyle blogger. Follow for style tips, beauty hacks, and daily inspiration.;https://images.unsplash.com/photo-1607569708758-0270aa4651bd?q=80&w=3774&auto=format&fit=crop&ixlib=rb-4.0.3&ixid=M3wxMjA3fDB8MHxwaG90by1wYWdlfHx8fGVufDB8fHx8fA%3D%3D;314;0;0;;A;
51;17.06.24 01:28;Raphinha standing up for his teammates after Ronaldinho's harsh comments is inspiring. Criticism is one thing, but saying this is the worst team? That's low, Ronaldinho.;;;16;5;9;Apok842;apok842;Gaming enthusiast and streamer. Join me for live streams, game reviews, and gaming tips.;https://images.unsplash.com/photo-1603384699007-50799748fc45?q=80&w=2545&auto=format&fit=crop&ixlib=rb-4.0.3&ixid=M3wxMjA3fDB8MHxwaG90by1wYWdlfHx8fGVufDB8fHx8fA%3D%3D;275;0;0;;A;
52;17.06.24 01:31;The diverse cultures within Brazil are truly amazing‚Äîfrom indigenous traditions to immigrant influences‚Äîit really is a melting pot unlike any other üåç;;;13;0;2;Melissa Phillips;migratorymel;Travel blogger.;https://images.unsplash.com/photo-1644358731331-34756cbb64b5?q=80&w=3526&auto=format&fit=crop&ixlib=rb-4.0.3&ixid=M3wxMjA3fDB8MHxwaG90by1wYWdlfHx8fGVufDB8fHx8fA%3D%3D;439;0;0;;A;
53;17.06.24 01:34;Exploring Afro-Brazilian heritage through foods/music sounds amazing yet today focus shifts towards supporting those battling effects caused devastating environmental events within same beloved nation.#SharedJourney;;;3;1;13;Alex Morritt;Alex_Morritt;Writer and storyteller. Sharing my literary works, writing tips, and book reviews.;https://images.unsplash.com/photo-1520341280432-4749d4d7bcf9?q=80&w=3648&auto=format&fit=crop&ixlib=rb-4.0.3&ixid=M3wxMjA3fDB8MHxwaG90by1wYWdlfHx8fGVufDB8fHx8fA%3D%3D;700;0;0;;A;
54;17.06.24 01:37;Brazil has faced adversity before & they'll do it again‚Ä¶ sending strength & positivity their way as they recover from devastating floods üôèüåä;;;31;6;5;Kerala_WithRG;KeralaWithRG;Travel blogger and adventure seeker. Join me as I explore new destinations and share travel tips.;https://images.unsplash.com/photo-1489424731084-a5d8b219a5bb?q=80&w=3774&auto=format&fit=crop&ixlib=rb-4.0.3&ixid=M3wxMjA3fDB8MHxwaG90by1wYWdlfHx8fGVufDB8fHx8fA%3D%3D;171;0;0;;A;
55;17.06.24 01:40;Just read about the devastating floods in southern Brazil affecting millions of people. Can't believe the scale of this tragedy. Praying for everyone affected and hoping aid reaches them soon. üôè;;;25;4;17;Umesh Rai;umesh2063;Tech enthusiast and software developer. Sharing coding tips, tech news, and innovative projects.;https://images.unsplash.com/photo-1530268729831-4b0b9e170218?q=80&w=3870&auto=format&fit=crop&ixlib=rb-4.0.3&ixid=M3wxMjA3fDB8MHxwaG90by1wYWdlfHx8fGVufDB8fHx8fA%3D%3D;499;0;0;;A;
56;17.06.24 01:43;Flooding aftermath impacting countless lives down south reminds us importance being prepared emergencies while also highlighting crucial role international aid plays during such times crisis‚Ä¶;;;6;6;3;Anggun History;AnggunHistory;History buff and writer. Sharing historical facts, stories, and insights.;https://images.unsplash.com/photo-1632759200868-ed04ef0bb2dc?q=80&w=3774&auto=format&fit=crop&ixlib=rb-4.0.3&ixid=M3wxMjA3fDB8MHxwaG90by1wYWdlfHx8fGVufDB8fHx8fA%3D%3D;681;0;0;;A;
57;17.06.24 01:46;The humanitarian situation following floods in southern Brazil is worsening with trapped floodwaters preventing aid delivery‚Ä¶ How can we help?;;;1;8;3;Jill Colvin Jones;jillcolvinjones;Journalist and news reporter. Bringing you the latest news, stories, and in-depth analysis.;https://images.unsplash.com/photo-1529232356377-57971f020a94?q=80&w=3776&auto=format&fit=crop&ixlib=rb-4.0.3&ixid=M3wxMjA3fDB8MHxwaG90by1wYWdlfHx8fGVufDB8fHx8fA%3D%3D;275;0;0;;A;
58;17.06.24 01:49;If you've never tasted acaraj√© before then you're missing out big time!! This Afro-Brazilian dish packs punch both flavor-wise cultural significance too!! Must try whenever chance arises!!;;;20;4;6;B L V C K;Blvck000;Fashion enthusiast and lifestyle blogger. Follow for style tips, beauty hacks, and daily inspiration.;https://images.unsplash.com/photo-1523477800337-966dbabe060b?q=80&w=2008&auto=format&fit=crop&ixlib=rb-4.0.3&ixid=M3wxMjA3fDB8MHxwaG90by1wYWdlfHx8fGVufDB8fHx8fA%3D%3D;251;0;0;;A;
59;16.06.24 22:58;"The best nutrition for your baby. Delivered frozen to your doorstep!<br>
ü•¶ Veggie-forward, balanced meals<br>
üí™ Half the sugar and twice the protein & healthy fats of most pouches<br>
üíØ% daily nutrition ‚Äî based on USDA‚Äôs Birth to 24 Guidelines<br>
ü•ú May help prevent food allergies by introducing allergens often + as early as 4-6 months<br>
üåé Award-winning, sustainable packaging<br>
üë©‚Äç Women-owned. Mom & dietitian-founded";https://scontent-zrh1-1.xx.fbcdn.net/v/t39.35426-6/444228106_1004969034341137_5831270106744356527_n.jpg?stp=dst-jpg_s600x600&_nc_cat=105&ccb=1-7&_nc_sid=c53f8f&_nc_ohc=hMX18DDIxm8Q7kNvgFcCxPw&_nc_ht=scontent-zrh1-1.xx&oh=00_AYCg87fBhoM1cZXUOLM7TR7aX1iM35R2VyQFwCd6ByLrPg&oe=666E30F4;A promotional image featuring an assortment of food items and a product with a purity award from the Clean Label Project. Displayed are sliced zucchini, an apple, a roasted chicken leg, a jar of green sauce, sliced coconut, a wooden spoon with yogurt, and turmeric.;42;12;0;Square Baby;SquareBabyFood;The only organic baby food offering üíØ% Daily Nutrition and a comprehensive Allergen Introduction Menu. Customized to your kiddo üë∂. Fresh, organic, delivered.;https://encrypted-tbn0.gstatic.com/images?q=tbn:ANd9GcSmfrfojh946-1MF8b60I2ixREUL_6pQjAC6w&s;133;0;1;https://squarebaby.com/;A;4
