username;handle;user_description;gender
welmar du plessis;Welmardup;Adventurer and nature lover. Sharing my travels and outdoor experiences. Expect breathtaking landscapes and travel tips.;male
aurelie rabiot;zouzoum44;Passionate about fashion and design. Follow me for style inspiration and the latest trends.;female
Leo Lozano;lozano1931;Tech enthusiast and gadget reviewer. Stay tuned for the latest in tech news and reviews.;male
kevin;ihearthalladay;Sports fanatic and baseball lover. Sharing game highlights and sports commentary.;male
max saber;spencylund;Gamer and streamer. Join me for live streams and gaming tips.;male
bowdi;bowdi;Music producer and DJ. Follow for beats, mixes, and music industry insights.;male
Dierenthuis;dierenthuis;Animal lover and wildlife photographer. Capturing the beauty of nature one shot at a time.;male
JM;b5forks;Foodie and culinary explorer. Sharing recipes, restaurant reviews, and food adventures.;male
C0urtesy tiTus;C0urtesyTitus;Fitness enthusiast and personal trainer. Motivating you to achieve your fitness goals.;male
Kinzang Norbu;KinzanNobu;Buddhist monk sharing wisdom and mindfulness practices. Join me on a journey to inner peace.;male
Gian B;IamGian24;Aspiring actor and film buff. Follow for movie reviews and behind-the-scenes insights.;male
Victor Peetso;VWPeetso;Car enthusiast and auto mechanic. Sharing tips and tricks for car maintenance and upgrades.;male
Oguntuyi Itunuoluwa;IT_Oluwa;Software developer and tech blogger. Follow for coding tutorials and tech news.;male
Ariunchimeg Viktor;AnyaVik;Artist and illustrator. Sharing my creative process and artwork.;female
Chill Pill;soreia_kh;Mental health advocate and wellness coach. Promoting self-care and mental well-being.;female
WF OMAR;Arowoshaye;Entrepreneur and business strategist. Sharing insights on startups and business growth.;male
Darnell Baldwin;Nell_emAll;Musician and songwriter. Follow for original music and behind-the-scenes content.;male
Allen Drazila;Allendrizzle;Photographer and visual storyteller. Capturing moments and sharing my journey.;male
Abdulaziz Al;Abdulaziz_maaa;Travel blogger and adventurer. Join me as I explore the world and share my experiences.;male
Amjad Hussain;AmjadHussain299;Cricket enthusiast and sports analyst. Sharing match updates and cricket insights.;male
LesTampa;LesTampa813;Tampa Bay sports fan. Follow for local sports news and game highlights.;male
KULDEEP;KULDEEP9992;Tech geek and gadget lover. Sharing the latest in technology and gadget reviews.;male
Sikandarkambrani;sikanderali8958;History buff and cultural enthusiast. Exploring historical events and cultural heritage.;male
Lancelot Devonshire;fuvexesasiv;Fantasy writer and storyteller. Dive into my world of fantasy and adventure.;male
Kukoyi caleb;caleb_kukoyi;Fitness coach and nutrition expert. Helping you achieve your health and fitness goals.;male
Donaven Thomas;Q2da_Kae;Hip-hop artist and lyricist. Follow for music updates and exclusive tracks.;male
caitlyn |-/;caitlynfcb;Bookworm and aspiring writer. Sharing book reviews and writing tips.;female
little mis moonligh;LoupMaraudeur;Night owl and dreamer. Sharing my thoughts and late-night musings.;female
dapo olayiwola;ohdaps;Digital marketer and content creator. Follow for marketing tips and social media strategies.;male
Bhavisha verma;BhavishaVerma31;Fashion blogger and style guru. Sharing outfit ideas and fashion trends.;female
Louis;That1PatriotFan;Patriots fan and sports enthusiast. Follow for game updates and sports commentary.;male
Rashi Kakkar;rashi_kakkar;Travel enthusiast and photographer. Capturing the beauty of the world one photo at a time.;female
Sujay Sarma;sujayvsarma;Tech blogger and gadget reviewer. Follow for the latest in tech news and reviews.;male
Brendan;Grundla;Nature lover and hiker. Sharing my outdoor adventures and hiking tips.;male
Emily Wilson;emilyhwilson;Book lover and aspiring author. Sharing book reviews and writing tips.;female
Mrs. Nobody;Niru11apr;Introvert and deep thinker. Sharing my thoughts and reflections on life.;female
Tyler Batiste;TyBatiste;Sports journalist and commentator. Follow for sports news and analysis.;male
naimisha;1306_naimisha;Art lover and creative soul. Sharing my artwork and creative process.;female
Francisco Orcha;orcha_f;Photographer and visual artist. Capturing moments and sharing my visual journey.;male
Rohit H B;HBRohit;Tech enthusiast and software developer. Sharing coding tips and tech news.;male
Michael John Smith;londonerabroad1;Expat living abroad. Sharing my experiences and travel adventures.;male
taco;TacoTheMeme;Meme creator and internet humorist. Follow for daily laughs and viral memes.;male
Jim Brown;_JBrown401;Fitness enthusiast and personal trainer. Motivating you to achieve your fitness goals.;male
Brad Ruiters;braddo_ct;Tech geek and gadget lover. Sharing the latest in technology and gadget reviews.;male
Funny Vines;FunyyVines;Comedy lover and vine enthusiast. Follow for daily laughs and funny videos.;male
Samir Madani;Samir_Madani;Oil market analyst and energy expert. Sharing insights on the global energy market.;male
Krabi Discovery;KrabiDiscovery;Travel guide and explorer. Discover the beauty of Krabi with me.;male
SurburbanGent;MKtoLDNblog;Lifestyle blogger and urban explorer. Sharing my city adventures and lifestyle tips.;male
joey;joeyorozco10;Fitness coach and nutrition expert. Helping you achieve your health and fitness goals.;male
Urvashi G.C;500Urvashi;Fashionista and style blogger. Follow for fashion tips and outfit inspiration.;female
Brendan;Brendan_Surrey;Nature lover and hiker. Sharing my outdoor adventures and hiking tips.;male
Aloysious;Aloysiously;Gamer and tech enthusiast. Follow for gaming tips and tech reviews.;male
Nathan Ashley;FrickinNate;Comedian and entertainer. Follow for daily laughs and funny videos.;male
Mark Lott;AgeofMockery;Satirist and social commentator. Sharing my take on current events and social issues.;male
Aly Elziba2;elziba2;Tech enthusiast and software developer. Sharing coding tips and tech news.;male
aya;nfhr_;Fashion lover and style enthusiast. Sharing outfit ideas and fashion trends.;female
Providencia Stough;PrvdncStugh;Travel blogger and adventurer. Join me as I explore the world and share my experiences.;female
Nick Mulijja;nickmulie;Fitness coach and nutrition expert. Helping you achieve your health and fitness goals.;male
Milvec22;Milvec22;Gamer and streamer. Join me for live streams and gaming tips.;male
Lobna Darwish;lobna;Artist and illustrator. Sharing my creative process and artwork.;female
Marcia Maddocks;MaddocksMarcia;Writer and poet. Sharing my literary works and poetry.;female
gweezy;georgia12210;Music lover and concert goer. Sharing my favorite tunes and concert experiences.;female
extremely great auct;galvezpastorga;Auctioneer and antique collector. Sharing my finds and auction tips.;male
Lia mahdalena;liamhdlenaa;Fashionista and style blogger. Follow for fashion tips and outfit inspiration.;female
Apok842;apok842;Gamer and tech enthusiast. Follow for gaming tips and tech reviews.;male
Melissa Phillips;migratorymel;Travel blogger and adventurer. Join me as I explore the world and share my experiences.;female
Alex Morritt;Alex_Morritt;Writer and poet. Sharing my literary works and poetry.;male
Kerala_WithRG;KeralaWithRG;Travel guide and explorer. Discover the beauty of Kerala with me.;male
Umesh Rai;umesh2063;Tech enthusiast and software developer. Sharing coding tips and tech news.;male
Anggun History;AnggunHistory;History buff and cultural enthusiast. Exploring historical events and cultural heritage.;female
Jill Colvin Jones;jillcolvinjones;Journalist and news reporter. Sharing the latest news and in-depth analysis.;female
B L V C K;Blvck000;Fashion lover and style enthusiast. Sharing outfit ideas and fashion trends.;male
